{"accuracy": [0.5080842971801758, 0.5335620045661926, 0.5193532705307007, 0.5159235596656799, 0.5414012670516968, 0.5526702404022217, 0.5350318551063538, 0.5418912172317505, 0.5507104396820068, 0.5624693632125854], "loss": [0.7556290030479431, 0.7042759656906128, 0.7049520611763, 0.7070298790931702, 0.6915866732597351, 0.6873993277549744, 0.6877106428146362, 0.6907339096069336, 0.689256489276886, 0.6868829131126404], "learning_rate": [0.0010000000474974513, 0.0010000000474974513, 0.0010000000474974513, 0.0010000000474974513, 0.0010000000474974513, 0.0010000000474974513, 0.0010000000474974513, 0.0010000000474974513, 0.0010000000474974513, 0.0005000000237487257]}